epoch,loss,target_primary_cl_mean_relative_error,target_primary_cl_ms_relative_error,target_primary_loss,target_total_cl_mean_relative_error,target_total_cl_ms_relative_error,target_total_loss,train_time,val_loss,val_target_primary_cl_mean_relative_error,val_target_primary_cl_ms_relative_error,val_target_primary_loss,val_target_total_cl_mean_relative_error,val_target_total_cl_ms_relative_error,val_target_total_loss
0,81.36404486083984,0.11374460429511965,0.10457635259628296,30.313021461486816,0.14600563118979334,0.0929713805168867,28.430622009277343,97.25772265699925,63.12089688720703,-0.121752060379982,0.1130987575507164,21.915524712524412,-0.1823732185459137,0.08489044768571853,19.11315682739258
1,41.23138487243652,0.007740330594708212,0.019419026736170054,10.612098894119264,0.012152097310405225,0.019147902488708495,9.799860115051269,155.81268929399084,38.01688125488281,0.007741976224780083,0.009626484145522118,8.199579561920165,-0.04784782210111618,0.02014598918020725,10.482222857055664
2,34.77981737994756,0.0029979627259138757,0.011789463309225529,8.458167633164415,0.009563862416441277,0.014898169358328476,8.58740916509602,207.326644596993,32.886667193603515,0.022310194773674012,0.007695496061444282,7.63901173248291,-0.0055316879555583,0.014975892733931542,9.147128609313965
3,30.728829467773437,0.0033512329771183433,0.009312919531017542,7.645866737365723,0.010253099645953626,0.013839765183627605,8.38351923751831,216.89000745600788,26.70652614013672,-0.007619290269613266,0.008371517142653466,6.036513795471191,-0.015264340536892414,0.013755009555518628,7.351553309173584
4,27.242637664794923,0.001772420713910833,0.00858355049416423,6.9964208488464354,0.009385767998057418,0.013493372790515422,8.036112020492554,226.47003061699797,24.721009691772462,-0.02094627565741539,0.005782911945581436,5.991649749145508,0.011492195321917534,0.01177751921594143,7.516383106079101
5,25.05835366970201,0.002271014528753309,0.007802751539517709,6.925354403182508,0.009422926884143815,0.012632870814762678,7.798093747855671,235.99629422000726,29.834936150512696,0.014748631254434586,0.011255698043704033,9.236132883605958,0.04274485398173332,0.02076792056620121,11.054359447021485
6,23.37186626434326,0.0021987395498435946,0.007369084767065943,6.608540113449097,0.008777595462976023,0.01277201460674405,7.883377059936524,245.35725766399992,23.88478242980957,0.009396432131528855,0.009277739021480083,7.621623025817871,0.04589796049952507,0.02320299192428589,8.000949952545167
7,21.820730072021483,0.001286072590854019,0.0071831786148250105,6.4851108741760255,0.008439981185016222,0.012342467427253723,7.592774768829345,254.93004971998744,21.231077526245116,0.022883237525224687,0.00827931225657463,6.812290563659668,-0.011286895532310008,0.014670591590106486,7.155851960449219
8,21.092840716281597,0.002263396660152739,0.0070328084586314754,6.520236076966294,0.007849638773676174,0.01208901271216377,7.671573959531445,264.4737010859826,18.590538708496094,0.01729091471195221,0.0054052311064302925,5.108318121032715,0.006104055844098329,0.011534469738304616,6.919709330139161
9,20.198200424194336,0.0014700079640606418,0.006633281988091767,6.319712459564209,0.008790584676433354,0.011994570942595602,7.633883506774902,274.02827121299924,20.566749369506837,0.040727879658937455,0.007224885268211365,6.952472372131347,0.062483305788040164,0.017618519740104675,7.7106877455139164
10,19.274596248626708,0.0010272821292746813,0.006669413085095584,6.226402269363403,0.008822953769005834,0.011892491094768047,7.427715593338013,283.5044176829979,18.58639887878418,0.03209175374031067,0.006138578408360481,5.909412417144775,-0.004139101980999112,0.014028457618057728,7.329946656341552
11,19.066072080900078,0.0023206798487446054,0.006796477333261651,6.352423676290709,0.0080971438173942,0.011716962489142,7.550768222467318,293.0634512770048,17.980617161865233,0.03317282679438591,0.007760804116725922,5.5156248229980465,0.02044844019949436,0.010873654508292675,7.537374147796631
12,18.578248497009277,0.0022276703882962465,0.006679459727369249,6.249363897323608,0.008529570724698714,0.011976731615141034,7.5823609828948975,302.6482944939926,19.37821719970703,0.05198573100805282,0.007333824872374535,7.750102240600586,0.027451762565374373,0.012660281482338906,7.072315702819824
13,17.999578453063965,0.000844859954318963,0.006716784025542438,6.18871368598938,0.008066128264530561,0.01180422069132328,7.361770593643189,312.10256654498517,17.003048355407714,0.011851131942868232,0.0055292292511463165,5.781272861022949,0.03573656788468361,0.011551435633897782,6.876895852050781
14,17.752584508169758,0.0022615082350860103,0.006235491423601987,6.169962562643487,0.008691953333550943,0.011520162563307342,7.432272978354219,321.57866870998987,19.061280557250978,-0.05150723649859428,0.008261060044765473,8.210842461090088,0.005864426669627428,0.010655960170328617,6.860772302246094
15,17.259945709228514,0.0010521146439714357,0.006218938230536878,6.046927541732788,0.008230632526800036,0.011612570654600859,7.430270299911499,331.10942088399315,18.465745239868163,-0.011572626903355122,0.00499461427628994,6.304799014892578,0.03153674273729325,0.010200222434401511,8.439993399810792
16,16.546195636749268,0.0009561868611490354,0.005826747318729758,5.852770234107971,0.008703362129162997,0.011228961046785117,7.163979156494141,340.57728185798624,16.483204533081054,0.017397442149817942,0.005238895622640848,6.368773290863037,-0.01614126219332218,0.011689235461950302,6.700226886444092
17,16.91772049986676,0.0015204025792688813,0.00633822986442309,6.154630970703442,0.008902986284912146,0.011408080378060044,7.425212600354133,350.1365224469919,16.435008125,0.029642426767349243,0.008003210360705853,6.032396587982178,-0.007086473760344088,0.01099761430978775,7.147853506164551
18,16.47693508529663,0.0007238848975393921,0.006408507941290736,5.9455649929046634,0.00763650153321214,0.01135256509296596,7.351014993667603,359.7097300479945,15.293318746032714,0.0027128252559155226,0.00628800892829895,5.386959082336426,-0.008989521410167216,0.013669931033849716,6.798828432769775
19,15.857832038879394,0.0014223895973991603,0.005890853021293879,5.7699957914352416,0.008570852868841029,0.011085989750921727,7.079831016540528,369.46329486899776,14.063258858337402,-0.013641231189966201,0.004548070642650127,4.59578988204956,-0.004639225964620709,0.011156628062725066,6.60160994140625
20,16.28787688091202,0.0017343998326711859,0.0059567171815683734,6.019706707487465,0.008873133192282607,0.011255073055110129,7.410345937416711,378.9493719259917,19.68253856994629,0.028645195688009262,0.006246722393929959,8.282195546722413,0.031368261897563934,0.010510426934361458,8.432541373443604
21,16.204684844970703,0.001558733883081004,0.006195152958855033,6.001602114677429,0.008499270243919454,0.011153437465429307,7.336386951446533,388.4785853489884,15.001144764099122,-0.012200982597470284,0.004939707791954279,5.370975319824219,-0.00920163284689188,0.009681089586913586,6.791790618591309
22,15.662176456451416,0.0012680183527991175,0.005662437045015394,5.761938572883606,0.00835606626572553,0.01085077778249979,7.146790214538575,397.95523735898314,15.708591302490234,-0.028269665645360948,0.005584622921049595,5.727967591552734,0.016988828627467156,0.00934225667476654,7.317135807800293
23,15.984132587366036,0.001972580690570395,0.006083054281162802,6.012221369943408,0.008325118449495334,0.011133542218519888,7.336605001020945,407.54440791599336,14.545981395568848,0.0022873363885097205,0.004238278085887432,5.000199607620239,0.0270711254632473,0.010352641984522343,7.003448113861084
24,15.32654312133789,0.000559435889008455,0.0058138496754691,5.651451873779297,0.008390134410234168,0.011040235990658403,7.1765262908935545,417.10960490998696,15.360579382019043,0.034076148332357406,0.0063593481728434565,5.729797987060547,0.002981450554654002,0.009454494702517986,7.1819317893981935
25,14.001748873486513,0.0003180678039859813,0.004611488030645782,5.098811053839812,0.008597864162418785,0.01005278879652229,6.663545968471954,426.74755600100616,15.882161860961913,0.028322821216583253,0.006994528753161431,7.139320265197754,0.02636070183813572,0.011157130827307701,6.587704889984131
26,14.079701126098632,0.0015175369941280224,0.004567654537037015,5.150173959732055,0.009102896703756415,0.010102887988090515,6.839089050292968,436.1454387969861,12.892284332580566,0.0005647302421368658,0.004826863078176975,4.551767927093506,0.016538846546411513,0.009672799617052079,6.27855506866455
27,13.608137237548828,0.0009340012290049344,0.004723839557729662,4.980224645614624,0.008444230503868312,0.009977749798446893,6.608056673049926,445.8015293350036,13.680666389770508,0.033462377078533175,0.004994013735204935,5.03045776184082,0.02799064259648323,0.010529091782569885,6.660888084411621
28,13.617622506781387,0.0011582574240178813,0.00448060894713236,5.06977967511614,0.008724310669978034,0.009815610731255569,6.597082563680066,455.1569277709932,12.98091866973877,-0.004375189098641276,0.0041816770195961,4.454962494049072,0.018783304224014283,0.009709201688170433,6.591651974182129
29,13.833779823303223,0.001362998008262366,0.004687629953958094,5.096526446342469,0.009382810247712769,0.010102468656376004,6.797104347229004,464.59922966500744,12.412083704833984,0.012023244483470917,0.004623326314240694,4.3135413256073,0.01009907552242279,0.009764900332093238,6.201022645874024
30,13.38460992050171,0.0013021866830531508,0.004614031556993723,4.9622395830154415,0.008792601057910361,0.009826929353177548,6.555707160949707,474.2109003670048,13.11030451019287,0.012327703502476216,0.004373901227712631,4.839266558532715,0.008591855655312538,0.010687799862921238,6.419521192626953
31,13.604239148356097,0.0012243159858093668,0.0046643258194232415,5.099454072059576,0.0089168950856169,0.009888727408713785,6.656142728132743,483.75986168699455,12.912436302490235,-0.009915424953401088,0.0046902482722699645,4.816382953948975,0.019400308799147607,0.009835127412378788,6.233734287567139
32,13.541482250213623,0.0008538313838653267,0.004607298281043768,5.009367159843444,0.0085265379617922,0.010013557428494095,6.7042002048492435,493.3071950470039,13.07974694152832,-0.022958473125696183,0.0046283431512117385,4.7282146852111815,0.004064590720832348,0.009259411475360394,6.550676545257568
33,13.169573833465575,0.0012067503780126571,0.0044877291880548,4.902437529563904,0.009728277996880934,0.009825216814875602,6.497435623168945,502.76383368700044,14.198149117126464,-0.045631363656520846,0.006242409701049328,5.672347190093994,0.0008049640159308911,0.009097673386633396,6.774978909301757
34,13.413429797859832,0.0011033842303426506,0.004450016053843152,5.054607387396556,0.008615529699768584,0.009801025263132786,6.6255874395800936,512.2713700800086,12.812905651855468,-0.00015244940258562565,0.004515223767012358,4.630789274215698,0.023571409643888472,0.009517975634038448,6.462534783782959
35,12.890544483184815,0.0012818291247822344,0.004213206225074827,4.711251129150391,0.008663544356357307,0.009526393357664347,6.509605512619019,521.7763199580077,11.976102141113282,0.004158284350931645,0.003899694385230541,4.22873056022644,0.001473671132773161,0.009150044462382793,6.097655227661133
36,12.544821670532226,0.0005043665698030963,0.00415884396340698,4.636695195198059,0.009221299959695898,0.00949903465807438,6.270013551712037,531.4597708850051,11.850901342468262,0.008361117686331273,0.0045725272443890574,4.124146912155151,0.01582603694498539,0.009238369610011577,6.100124591979981
37,12.746915359574308,0.001593358284637063,0.004147781305405268,4.713626931627874,0.00948906647360716,0.009520501092703911,6.410622412994613,541.0380750389886,12.231253197021484,-0.0063385867510735985,0.004867492832243443,4.519911275024414,0.022121436190605165,0.009822376096844674,6.09779366317749
38,12.697741870880128,0.0004218708093976602,0.0043131940132007,4.652255282402039,0.008843030664604156,0.009604070072993636,6.42932145690918,550.5726335170039,12.919998108520508,0.007691320095658302,0.003663940880596638,5.022954167938233,0.012656047540307046,0.008726507925987243,6.281328251800537
39,12.52048402786255,0.000836934263817966,0.0042442717561498285,4.639365300178528,0.009592408773605711,0.009516855778172613,6.271807220458984,560.1592185620102,11.780970450134276,-0.0022007642536982894,0.004090866377055645,4.050818079757691,0.007528770213723183,0.009180580293536186,6.121910288238525
40,12.737715789733102,0.001666025540772037,0.004350380992075536,4.728088852903013,0.009753944873561711,0.00950963816540246,6.413828575656074,569.8050509649911,12.676349473876954,-0.0063402202282845975,0.003676864369660616,4.86188957649231,-0.004231297313086689,0.009581877035796642,6.218690703125
41,12.478520271301269,0.00028813203948084267,0.004252718098461628,4.577904536247253,0.008546211712178774,0.00952539374306798,6.3118494033813475,579.2621414980094,11.849607733764648,0.016734878083467485,0.004298842038363219,4.283142673950195,0.0051755588376522065,0.00943742553114891,5.991621661682129
42,12.349917457580567,0.000726390696130693,0.004062159184366465,4.5375117578506465,0.009459970976226032,0.009451249912381172,6.240763236999512,588.7609262279875,13.483983467102052,-0.005590821985006333,0.004769178984165192,5.190672817382812,0.006017632249891758,0.00946341346025467,6.727299336853028
43,12.648401700964017,0.0013209748337765909,0.004099163298450408,4.686310300571521,0.0101192058804327,0.009485093532435297,6.400563680450697,598.2257955849927,12.022609685974121,-0.0002942328965291381,0.00412251678198576,4.167533445892334,0.01647606306552887,0.009631801324784755,6.297265476989746
44,12.336689601898193,0.0004630203603883274,0.004136420194990933,4.526700337409973,0.008518065069103613,0.009393837304785848,6.259741664886475,607.6416586340056,11.614026522827148,0.005121592158675194,0.003948182803094387,4.035750928497315,0.016087484585642815,0.009337039261460305,6.03052803604126
45,12.246824584960937,0.000970659538754262,0.004073852323926985,4.4947546691894535,0.009151514892699197,0.009461476746946574,6.212062168121338,617.2657339889847,11.922333474121094,0.007977644409239293,0.003691230402290821,4.228615049438477,0.016546729398965836,0.008892426849603653,6.156669142150879
46,12.674579198634557,0.0016726474459113469,0.004137440138847842,4.720308513413453,0.009266121378791726,0.009541477835908906,6.415927997052943,626.6874974950042,11.692752689208984,-0.011487731562256813,0.0037059623731672763,4.21643254776001,0.004226313358694315,0.009201338693797589,5.93271811706543
47,12.175546424865722,0.0006035821619443596,0.004174072000198066,4.437326163291931,0.009216492713079788,0.009465228362008929,6.204937986373901,636.1750945439853,11.62544945678711,0.00413332414150238,0.003902502960860729,4.064885673828125,0.020440424427986145,0.009369514769017696,6.039185314636231
48,12.322617876955052,0.0005428962785817141,0.004082192062784382,4.576530086400835,0.009247408134586865,0.009456532398145822,6.2278026287325465,645.7206614729948,13.711286253356933,0.00041530422896146775,0.004308475316911936,5.690052445220947,0.009971052900850774,0.009539482667148113,6.506800869293213
49,12.356941635131836,0.0012635502144694329,0.003976499511860311,4.528513330459595,0.009705485156737269,0.009515753079205751,6.318234512329101,655.209365385992,11.520931162719727,0.0006029952592030167,0.0036124591410160063,3.9945607709503173,0.006956662281155586,0.009049612631499768,6.016648610992432
50,12.123551914215088,0.00033139786089304835,0.0041573491320014,4.418096813201904,0.008866390387527645,0.009448159284889698,6.202088382720947,664.82704770501,11.706793372802734,-0.004517824033945799,0.003661570095717907,4.074576209716797,0.025727911892533303,0.009984676183164119,6.1330621339416505
51,12.277194770217854,0.0008284433428828874,0.004045889432715791,4.559024016472013,0.00951277058203926,0.009396154131508665,6.22540034486293,674.2950486780028,12.019672278442382,-0.002728986672386527,0.0046739792075753215,4.086428608551025,0.024055247898101807,0.010346347732841968,6.443066511688232
52,12.254268257141113,0.0008376380634726957,0.003969369772821665,4.4766204662322995,0.009623868821538054,0.009478494487702847,6.292431747436523,683.7535642090079,12.587574778442383,0.01068789771258831,0.003946633227318526,4.817559605178833,0.012886034468412398,0.009150647044479846,6.286916200866699
53,12.059183151245117,0.0008006878129672259,0.004114329666830599,4.448108060836792,0.009182827216107399,0.009317191565409303,6.13270040512085,693.3340177079954,11.347916022644043,0.003766874831840396,0.00382716535449028,3.8966979933166503,0.007315100859850645,0.009784702960252762,5.977492713317871
54,12.254644281627252,0.000583783798414771,0.0040249935213335876,4.541458484145065,0.009158355408982124,0.009371847442229653,6.241369611304018,702.8927447710012,11.809337424926758,-0.012215514060258866,0.003691509865820408,4.270295020904541,-0.001651698507219553,0.008636126283705234,6.064053484954834
55,12.104576141357422,0.0008884651731932535,0.003963693339377641,4.400951639175415,0.009481459709699266,0.009379293300211429,6.238761482238769,712.4269648979825,12.6178654296875,0.007708387291282415,0.004384713388979435,4.6060686640930175,0.01730024859011173,0.009157445921897888,6.554092284240722
56,11.989838836669922,0.0007591539826244116,0.004062389190308749,4.4031787786483765,0.009717897245194763,0.009377045510336756,6.130827640533448,722.1194592069951,11.427585088195801,-0.0033940027579665182,0.0036677271497249603,4.144322703704834,0.012503213953971862,0.009132692054510116,5.830409227600097
57,12.19599404404622,0.0008285599755696062,0.004022365722746802,4.544376905559763,0.008981772222389767,0.009324307302217548,6.201525502496199,731.5855651559832,11.40320534515381,0.0047882137307524684,0.0037540400755405427,3.9513756861114504,0.01696790823638439,0.009267893607020378,6.007244478912353
58,12.07897091293335,0.0011868084939196705,0.004001945537514985,4.394069483757019,0.00946656388649717,0.009419081682339311,6.242050489425659,741.0721750409866,12.042502643432616,0.007995341206938029,0.0037566785442829133,4.26376279548645,0.010646904332637788,0.009188752711415291,6.339017766418457
59,11.678327716827393,0.00041175773181021216,0.0038565090242773294,4.273006731033325,0.01002217482891865,0.009239385476335883,5.9910395832061765,750.5898872019898,11.143832724914551,0.0026538764949142935,0.003976063695847988,3.8955215953063966,0.006392545732632279,0.009284191434383393,5.841661535644532
60,11.821391159497978,0.001045149323065525,0.0038711376296707363,4.332949506447996,0.009217643234147628,0.00914769531707259,6.084173460376208,760.0819030170096,11.127514230957031,-0.00088782464845106,0.003810598134845495,3.872095846710205,0.015878527736067773,0.009753555841743946,5.853475141296387
61,11.651945190429688,0.0005081342072226107,0.0038701682104729115,4.19169343662262,0.009361879388801753,0.009221261262893677,6.061204650878906,769.6724629880046,11.350876688842773,-0.00035369339056313037,0.003765888024568558,4.119512429122925,0.0072690149682760235,0.008971148431003094,5.834406861419677
62,11.5522451171875,0.00016144554712809622,0.0038197542270645497,4.200973689079285,0.009539948081132024,0.009179435022175312,5.957832969665527,779.1480579089839,11.212426719970702,0.0012577717434614896,0.0038994474358856677,4.000081884765625,0.0014342453045397996,0.009285396781861781,5.821712146453858
63,11.801739187642962,0.0013010389415553298,0.003906481954914261,4.326326528179043,0.009395247760325022,0.009160083572422324,6.0859780412856415,788.571834679984,11.011443345336914,-0.0036371551449596883,0.0036270057913661002,3.8389797831726074,0.013386603311300278,0.009115723687708377,5.784949438018799
64,11.556683948516845,0.00042684547137469055,0.0038904706644825636,4.156541134834289,0.009245884220465087,0.009193054590374231,6.015239582061768,798.0790785540012,11.403881269226074,0.00410252143278718,0.004122076899707317,4.18646820930481,0.008555404495596886,0.009843419621884822,5.834571088409424
65,11.568957756042481,0.0002831389986095019,0.003841362392529845,4.209519110679627,0.009378873884212225,0.009152673160657286,5.978201675415039,807.6290136300086,11.317076999511718,0.0010246522469073533,0.003525222861766815,4.064926582717895,0.01283262259066105,0.008775935686528683,5.872655770111084
66,11.74347023514974,0.001669855579377807,0.0038406339666227736,4.282504642485609,0.00958749364603332,0.0091854627825802,6.081398155569714,817.0644780730072,11.036832735290528,-0.008285562916100025,0.0035714581319689753,3.8576632872772216,0.008710907092094421,0.00903764019459486,5.8028686390686035
67,11.520146202087401,1.6856608970556408e-05,0.0039045206941664217,4.157564532279968,0.009053136227070354,0.009166297864168883,5.986879499435425,826.6502383479965,11.602555567932129,-0.0045215939763188365,0.0038781919091194867,4.089057907104492,0.0077605532121658325,0.009088859643340112,6.138809819488525
68,11.538207595825195,0.0005515385885955765,0.003829949480481446,4.197779204368591,0.009459966710885056,0.009166204055771232,5.969549840927124,836.2223903920094,11.00837234222412,0.005770006359368563,0.004405671239197254,3.8203629405212403,0.007673920361101628,0.009642281616032124,5.819495650177002
69,11.73858548913063,0.0011052079265628095,0.003828585464319721,4.300543189207968,0.009749803761994209,0.00915460540155447,6.070370074843555,845.8610598770028,11.187280257568359,0.0005636973528563976,0.0038341635299474,4.07719659111023,0.008525667960643768,0.009043325604200363,5.744083477172851
70,11.37205177307129,0.0005770343317999505,0.0039029288948513566,4.076491139411926,0.00913243801461067,0.00911748238839209,5.932108814239502,855.3217844640021,10.92269386352539,0.008078880165219307,0.003554872074723244,3.785005071182251,0.01492169021487236,0.008842243478000163,5.777670126037598
71,11.586137054568225,0.00010636527479913661,0.0038270669820819575,4.22798030717926,0.00898398641176253,0.00913378076147412,5.997551718365512,864.8547499569831,11.32949632873535,0.010864246672987937,0.003937467894405126,4.203719599761963,0.01558875492811203,0.009190964224636555,5.768435900421142
72,11.66127089691162,0.0014720703748171218,0.003758840350434184,4.262161611557007,0.00990301067638211,0.00916774409636855,6.042042589187622,874.3545054089918,10.905014949951171,0.0009738142877072095,0.0033414184264838696,3.7750536976623534,0.009026011512875557,0.009696588087677956,5.775850842437744
73,11.404182067871094,0.0007960724064614624,0.003929819996468723,4.082734486579895,0.009414941551745869,0.009163145238533616,5.968629571914673,883.9509358340001,10.887398218994141,-0.0037705075081437825,0.003390103146955371,3.818366039352417,0.010007984357476234,0.00897977104574442,5.718137248382568
74,11.604211705090126,0.0006363812418034822,0.0038275823747203593,4.274285465551611,0.009021243051466931,0.009115951939021719,5.980932712743544,893.476742925006,11.300912936401367,-0.007555780347585678,0.0035770555758476257,4.064748777008057,0.009324572687447071,0.008423867571353912,5.8882160537719725
75,11.532695724487304,0.0010721431410638616,0.003800148459151387,4.159263444900513,0.009944375035120174,0.009207087269052863,6.026110414505005,902.926083081984,10.953535755310059,0.0009290310464799404,0.004255702723264694,3.7984786992645265,0.007548566756844521,0.008981554102301597,5.809422587432861
76,11.43902679824829,0.0005577228165930137,0.0039424409372732045,4.157035111427307,0.009105647748103365,0.009103986555710436,5.9397102642059325,912.6174859190069,10.999691363220215,0.0006960895682498813,0.004008977897763252,3.8354227934265137,0.009221369248628616,0.008907088238894939,5.824555497131348
77,11.597097224073892,0.0006906917452027631,0.003784595084544817,4.262271816002258,0.00886934168691265,0.009112286145555483,5.996051593894671,922.085041081009,11.067340797424317,-0.00551706886947155,0.003897260898351669,3.9130882874298094,0.01173708746790886,0.008641732158958911,5.815064213714599
78,11.449961421966552,0.0005927868213038891,0.0038135420959442856,4.118069442749023,0.009212698204210027,0.009166552305221558,5.995015226364136,931.5854134609981,11.18561189453125,0.005947215366661549,0.003745372358262539,3.988314922943115,0.02226401210784912,0.00979812927275896,5.86214339263916
79,11.238487071990967,0.0005731295731966384,0.0037996662808582188,4.0426405916213985,0.009213153563789092,0.009095651142299176,5.873081069946289,941.1715381089889,10.726632463989258,0.00012020599328214302,0.0036717535382509233,3.7335007964324953,0.013486757600307465,0.00869065128594637,5.672855421447754
80,11.45210264336587,0.0006118057507614007,0.0038107456772027365,4.195804376017398,0.009039822636441038,0.008988992596594627,5.93785275833344,950.8677449079987,10.79925513305664,0.0043830783995985985,0.003324945654422045,3.751621221160889,0.011568753022551536,0.008568684837818146,5.729739898986816
81,11.228532897949218,0.0007331140509340912,0.003788260872475803,3.9921593170166014,0.009520093167899176,0.00906842384673655,5.919616203308106,960.3224475150055,10.909024731750488,0.0001479035168234259,0.003356912281215191,3.7756533615875245,0.007298205116987228,0.008847513841688633,5.817739477233887
82,11.199103298187255,0.0005070444057928399,0.0037370686745271087,4.051552901268005,0.009948278620955535,0.009059260182082652,5.833181369781494,969.8692129999981,10.766837728576661,-0.003857579325735569,0.003760115436911583,3.7466039965057374,0.01092213939845562,0.008913738262057304,5.707200393676758
83,11.432781621044443,0.0007311356473898393,0.0038012468274449987,4.17499487880205,0.008544268866668541,0.009034978251511982,5.944855064568363,979.2660330189974,10.833344824829101,0.0038795252366364,0.003579003608226776,3.801491669998169,0.01609945833027363,0.00910720665037632,5.719814954528808
84,11.218594463348389,0.0005969844680512324,0.0037714237598702313,3.998782357215881,0.01006542868737597,0.009057769875973462,5.909013944625855,988.7399725379946,10.73652760192871,0.004230252794772386,0.0035678895372152327,3.7417715380096435,0.0130264990568161,0.008956123899519443,5.6852277444458
85,11.08442212677002,0.00027440029196441174,0.003691313671413809,3.987009531021118,0.009391952756443061,0.009003568647429346,5.793354410171509,998.2693696430069,10.672639592590333,-0.0003458037763275206,0.0033291824951767923,3.6984759645080567,0.006886269818246364,0.008535493839085102,5.671151700134278
86,11.328346149137676,0.0007508174106803453,0.0038119118760400143,4.132987396945489,0.008469384974808673,0.009022065883867109,5.893646441706342,1007.8638574639917,10.70518140991211,-0.0005419469532370567,0.0034432588858902455,3.733364878692627,0.006124736652076244,0.008883966282904148,5.670640409240723
87,11.088061370849609,0.0007990959340240806,0.003737103821244091,3.9431320896148683,0.009492679891758598,0.009033242074772716,5.844861982345581,1017.3377081759972,10.811682029418945,0.002216143647432327,0.0036625910283625126,3.780265559539795,0.011982926722764969,0.009025558316111565,5.732282238616944
88,11.11988945388794,-5.286648403853178e-05,0.003704648825339973,4.004555640220642,0.009286784440861083,0.00901023674942553,5.81683260345459,1026.7957561939838,10.697541209106445,-0.0014557202116027475,0.0034551784886419773,3.7129343099975585,0.005541079816818237,0.008994719190001488,5.686476886901856
89,11.287074830630573,0.0016077479267556085,0.0037292823810188497,4.080080672036976,0.00939566594440255,0.00902829331574061,5.909279767899646,1036.3241860739945,10.668782387084962,0.001700005664229393,0.003462021324634552,3.722838140029907,0.013770222936868668,0.008772124453186989,5.6480161180114745
90,11.033951572418212,5.270419060252607e-05,0.0037615845152176915,3.930233669281006,0.008975695639150218,0.008997519800439478,5.807166925430298,1045.8222709249821,10.689837708740235,-0.0019977604698389767,0.003270001958683133,3.7079235302734377,0.010168158397078514,0.008883812081813812,5.685954699707032
91,11.120284370422363,8.158845081925392e-05,0.0037365517849102616,4.000325372695923,0.009108009502757341,0.0090294787902385,5.824754829406738,1055.429966641008,10.679205233154297,0.0013584002319350838,0.003726894381195307,3.728295175933838,0.011327808311581611,0.00875217916816473,5.656266703948974
92,11.275336871272144,0.0012816001047572553,0.0037143331845565296,4.085971732971743,0.009422521374750087,0.009019010167948437,5.895270606369959,1064.9586742809915,10.63714912109375,-0.0010780497162789107,0.0032655209156870844,3.694870548248291,0.007700727728903294,0.008771867016851903,5.648945476989746
93,10.965252075195313,0.000285520491655916,0.003762537856120616,3.8744760999679566,0.0092576525794575,0.00900030005350709,5.7979783401489255,1074.463631585997,10.667904491271972,0.0007616369456797838,0.0036443810719251632,3.6928590647125246,0.00866780354887247,0.00884534563779831,5.68265649307251
94,11.153633609062261,-0.0002243311989444708,0.0037443553703486983,4.028129244817488,0.008680283983597901,0.008998745231029944,5.833878497921722,1083.964158725983,10.649974549560547,0.0031096139384806155,0.0032720392917096617,3.711657501678467,0.012219582167863846,0.008927200056314468,5.6471965341186525
95,11.253251232147218,0.0015768806223059072,0.0036650838032364847,4.071778480529785,0.009986401702975854,0.00903135603107512,5.890618566513061,1093.5280383949867,10.77380617126465,-9.46658632159233e-05,0.003786291277706623,3.7952559954071043,0.005975546090453863,0.009242303516566753,5.687975136566162
96,10.984098052978515,0.0006851835385896266,0.003786818061489612,3.8912637300491335,0.009253992431797087,0.009032518712803722,5.803318264007569,1103.0547559569823,10.650203339538574,0.0004983145827800035,0.0032483478070795537,3.682186527709961,0.010485196082293988,0.00868792464196682,5.679318657226562
97,11.210575687133215,0.0001993066819975998,0.0037272686696314962,4.092004205036749,0.00884722630079527,0.008980064852115874,5.830147624636269,1112.5806194889883,10.658238188476563,0.002379569756835699,0.0032600252829492094,3.6718819534301756,0.01218363491177559,0.008895596769750118,5.698481974182129
98,11.115183490753173,0.001063119977596216,0.0036808977546170353,3.965959059715271,0.009975167556433007,0.009020763488486409,5.863938604354859,1122.0011194089893,10.604293382873536,0.0013664311441034078,0.003249414195269346,3.6714465563201903,0.008837937057614327,0.008987654467821122,5.648095881195069
99,10.976706153869628,0.0005964879463426769,0.0037866169000044464,3.9304201946258543,0.00912867793510668,0.008947795432060956,5.762183256149292,1131.7100125759898,10.619523856506348,0.0010711536914855243,0.0032600195103138687,3.6724284727478027,0.008733642161488532,0.008690347455143929,5.663551780700684
100,11.129616281072408,0.0002176906864075186,0.0036856927022664836,4.031010641623621,0.009070301705672757,0.008948246851207703,5.815263791940161,1141.22987060601,10.616812267761231,-0.0002786018025898375,0.003414140328913927,3.6820110870361327,0.010265695874691009,0.008681685467362404,5.6517048623657224
101,11.034829933166504,0.0008513383326062467,0.003696180467493832,3.9185152435302735,0.009807978259632364,0.008950207447633148,5.83330344581604,1150.757205634989,10.638516952514648,-0.0005698531762883067,0.0033263195127248763,3.691376971130371,0.011704939793348312,0.008538591582477092,5.66467690032959
102,10.98217213821411,0.0003517519461456686,0.003744791833218187,3.929523296356201,0.008947112452820875,0.008983990058302879,5.770383321762085,1160.4328267640085,10.607707197265626,0.0003115086027979851,0.003290868293195963,3.6731648399353025,0.011175246837437152,0.008576775470376014,5.652590503845214
103,11.189459071879694,0.00017492705493432796,0.0037394150104327955,4.075921430473891,0.008911967939493589,0.008915674580173845,5.831794899290135,1170.0261226230068,10.665490571594239,-0.0004422456868365407,0.0033323381592333316,3.720247190475464,0.011957795614004136,0.008578371802866459,5.663532827606201
104,11.00982511138916,0.0008832018165849149,0.003704900656826794,3.90272940826416,0.009544037598534488,0.008988466586917638,5.826930688858032,1179.5786779570044,10.620422972717286,-0.0003466710793226957,0.0036019452798366548,3.6938496718597413,0.008560182821750641,0.008768240257501602,5.646888297424316
105,10.963684707641601,0.0011286560302833095,0.003673242797609419,3.9371320610046388,0.009725356134353205,0.008962141923606396,5.7470080814361575,1189.1298398299841,10.599871924438476,0.0012198253659904002,0.0032940963689982892,3.67619193901062,0.011673503088355065,0.008702797118723392,5.644161814422607
106,11.160137350582643,-0.0001844045625088917,0.0037546985545096998,4.052054475082199,0.008371360139485279,0.008917449094511592,5.828905690215462,1198.7273947449867,10.570860587768555,0.0017444708408042788,0.0032563472311198712,3.666887038269043,0.00946929357111454,0.008565862136483193,5.624994927825928
107,11.004518508911133,0.0010260056696133688,0.0037082779984921217,3.901675455093384,0.009832961684674955,0.008959694506600498,5.823925344467163,1208.254614739999,10.590349929199219,0.0008883988320827484,0.003600383948236704,3.6821539314270018,0.009071718919873238,0.008807298345863818,5.629421772460938
108,10.942500064849854,0.0007822378762066364,0.0036247182013466953,3.915784713745117,0.009605429952265696,0.008961294222623109,5.748247060775757,1217.6927868369967,10.604024078369141,0.0008808581028133631,0.0033147264143824576,3.6731924014282225,0.010523924121260643,0.00905353449434042,5.652323488922119
109,11.187343060620393,-1.2700074440076034e-06,0.0037559314134165086,4.064500066872229,0.008596176258578836,0.008944095555480211,5.84452302694161,1227.224090062984,10.604116824035644,-0.0009981651901081205,0.00327811809271574,3.683592508392334,0.00863311371922493,0.008547901058793068,5.642297427062989
110,10.966659187316894,0.0011125020107720046,0.003710149224381894,3.892098138809204,0.009719349242397583,0.008970667820423842,5.796494968414307,1236.9026087819948,10.610749839477538,0.0006561009260267019,0.0033666960902512073,3.6826329274749754,0.01006041476547718,0.008774128149747849,5.650075014190674
111,10.97811580657959,-1.2406410474795848e-05,0.003681966211646795,3.939973126411438,0.00926004694052972,0.008967236924916506,5.760260538101196,1246.3937823550077,10.620396638793945,-0.001760927601456642,0.00353995870500803,3.688610315093994,0.007196244747936726,0.008840093501210212,5.6537512074279785
112,11.177888475781026,0.0010438013218521862,0.0037158725037787113,4.037590035850987,0.009140070855207077,0.009001449167623497,5.8632236597593,1255.7963046059886,10.565686530761718,0.002279836491420865,0.003262516704052687,3.6652514109802246,0.010747955688834191,0.008595365327298642,5.623620618743897
113,10.894445892333984,0.0006412021667929367,0.0037066879738122224,3.8754686136245726,0.009461334355524742,0.008916554629802703,5.742297309875489,1265.398618895997,10.582538092651367,0.00046886595629155636,0.003288769606500864,3.673571960296631,0.00894236351042986,0.008519262936413289,5.632450180664063
114,11.007211025238037,2.6896617142483592e-05,0.0036906965374946593,3.9508830404281614,0.008997367117088288,0.008982982071116566,5.779835046768189,1274.8350755150022,10.580711161499023,-0.0005663686622027307,0.0032913444194197653,3.673126064224243,0.0077847870197892185,0.008571182028949261,5.631206466064453
115,11.142785135364383,0.0013027992366583824,0.003679009471260293,4.02304532445653,0.009365179830887416,0.008953225086690655,5.843452223326524,1284.3524182109977,10.586909150390625,0.0013202168296277523,0.0032752165475487707,3.6661231278991697,0.009809178252220154,0.008643677122294902,5.644519893951416
116,10.843639766693116,9.20484778471291e-05,0.0037181393685750664,3.816703236579895,0.009351796887698584,0.008955233665183186,5.7508205165863036,1293.914003666985,10.602604405517578,-0.0002992320921830833,0.003285179265141487,3.6875402828979493,0.007904317083060742,0.008638409070670604,5.639026013793945
117,11.051103634795652,-0.0002186512474652082,0.003697125499689479,3.985272891521239,0.008576265769931899,0.008978709523362249,5.789885101398809,1303.459033653984,10.574298580932616,-0.0012352593585290015,0.0032640385378152133,3.6670719956207276,0.007395964597761631,0.00860597037255764,5.631396960144043
118,11.149682270050048,0.0016407940154895186,0.003619879813864827,4.033746299743652,0.009883617736515589,0.008962802842259407,5.84045468711853,1312.929453771998,10.576448016967774,0.0006339702763035894,0.0032302222667634486,3.6703981982421876,0.009222020908892155,0.008580478584468365,5.630622653503418
119,10.83705037689209,0.0003103540050797164,0.0037673692675307393,3.8242249031066895,0.009192781851394102,0.00896426123380661,5.737496841430664,1322.502450333006,10.579802012023926,0.00048300077009946107,0.0032525483718514442,3.667032375640869,0.008474085782766342,0.008571893396675587,5.6375135791015625
120,11.125587396090863,-3.8495653998233136e-05,0.0036837074558411795,4.045404084000757,0.008890042021026973,0.00893570486165592,5.80499020663758,1331.9215326230042,10.57609168334961,-0.00018819522531703114,0.0032444307185709475,3.672249670639038,0.00826332624256611,0.00856957872658968,5.628714695281983
121,11.026141422271728,0.0010729886485496536,0.003653615626972169,3.9261011581420897,0.009827906344435177,0.008999992841854692,5.8249541244506835,1341.4556760129926,10.583903929443359,-2.9566627610474825e-05,0.0032489606788754463,3.6736447411346433,0.009219515957832337,0.008582661910951138,5.635216663818359
122,10.926281196594239,0.0008130728723481298,0.003779106273315847,3.901412263870239,0.009371409100946039,0.008960736425593495,5.749843147277832,1350.9816037529963,10.568269107666016,0.0011789898083731532,0.0032593749629706145,3.6702678035736085,0.008685890477299691,0.008569045332372188,5.623032521362305
123,11.091623852855315,0.00020933504593368562,0.0036852121023230396,4.016833301990936,0.009228776630131556,0.008935768049952754,5.800021837107443,1360.4454139959998,10.585565481567382,0.0004982045132666827,0.003240560200512409,3.6747455613708495,0.009314447846710682,0.00856091597288847,5.636126493835449
124,10.971666149139404,0.0008841615773271769,0.0036685790736228226,3.891982400894165,0.00991751867334824,0.008972456865012645,5.805001245498657,1369.877624633984,10.604357695007325,0.00039682638810947536,0.0032537323217093944,3.6873489130401613,0.010519314016699791,0.00856739636182785,5.642361056213379
125,10.926194255828857,0.0002736720896791667,0.0037268422488123177,3.903536268234253,0.008828746351180599,0.008976358184590937,5.748025136947632,1379.551718273986,10.564861395874024,0.0001775104558467865,0.0032367153971642254,3.6673375409698488,0.009110926595926284,0.008593180094361306,5.62293275680542
126,11.12705315132196,0.00045033581970543727,0.00373657792263897,4.039463727396088,0.00910655206529741,0.008924254432725045,5.813024387160698,1389.0616433139949,10.575717760620117,0.0002837498991191387,0.003237608681768179,3.6712490049743653,0.009255533357262612,0.008570394628047944,5.629932292785645
127,10.94873331451416,0.0008267368965316564,0.003704893003217876,3.86741125869751,0.009705677648540587,0.00897903903760016,5.806791269302368,1398.4597895629995,10.586671169433593,1.6867184042930604e-05,0.0032880401745438576,3.6768641874694823,0.009327630514502526,0.008577279284596444,5.635301578979492
128,10.923760272979736,0.0008295639179414138,0.003671238886192441,3.9245270681381226,0.009614851377205923,0.008998472314327955,5.724742637634277,1408.0229782149836,10.579018789672851,0.0014252993712201715,0.0032679464718699453,3.6746592086029053,0.0106763258010149,0.008607239455580711,5.629893649597168
129,11.115953311508356,-0.0001763133636943831,0.003743863163725496,4.026283547265937,0.008349305350321978,0.00891233976233966,5.815236533901191,1417.4534013759985,10.572247176818848,1.368035920895636e-05,0.0032389929899573327,3.6677535984802248,0.00843853909432888,0.008558703534305096,5.630085274810791
130,10.964491077423096,0.0008135025297524407,0.0037021010536700486,3.8765147762298584,0.00985184711869806,0.008960350627079606,5.81357968711853,1427.0201575759856,10.585023182067872,-0.000216312096118927,0.0032859127485752107,3.6719364482879637,0.009033557813763618,0.00857185222953558,5.63868506576538
131,10.924731315612792,0.001147555714356713,0.0036276377448812127,3.9099929161071776,0.009757304929662496,0.009010873261839152,5.740454517364502,1436.5803280679975,10.570958916015625,0.0010717386863380671,0.0032296968983113765,3.6659953726959227,0.010741970856189728,0.008610141088962554,5.630718344726563
132,11.131970877648165,-0.0002608698502100501,0.0037718519085998647,4.046330675955974,0.008570385243407575,0.00895909882321466,5.8114180732764344,1446.06737698699,10.57935174194336,-0.00010358988320454955,0.003251242284029722,3.6789079036712646,0.009193451998829842,0.008599797485768794,5.626230127105713
133,10.935812187194824,0.0011473280859645456,0.003714060306083411,3.8769661540985108,0.00971867290022783,0.008952797858044505,5.7846381530761715,1455.5547612379887,10.565525522155761,0.00027280736062675715,0.003245768879801035,3.6624744523620607,0.00931543937265873,0.00858849565923214,5.628858302001953
134,10.947181289672852,0.0002114573970902711,0.0036472447235137225,3.9231966047286986,0.009337636578595265,0.008981665981933475,5.7498046512603755,1465.033275777998,10.572709978942871,-0.00044989145099185406,0.0032339830091595648,3.6668700791168214,0.009325565931797028,0.008594427365660667,5.631681388244629
135,11.138225511575875,0.0007152002862387424,0.003706890843863449,4.022696387143549,0.009073807695798316,0.008995855078606537,5.8413803503369275,1474.7104176289868,10.581706034545899,0.0010631508824229241,0.0032292489136755468,3.676443894958496,0.009887338302731514,0.008573153793215752,5.631117378234864
136,10.89952558517456,0.0008955782476114109,0.003699988694861531,3.873535946846008,0.00951742227410432,0.008932972291484475,5.7518905544281,1484.2487007599848,10.5726255960083,0.0006708171278238296,0.0032145697897672655,3.67235763961792,0.009321920191347598,0.00857202898412943,5.6261905128479
137,10.946505363464356,1.5244698734022677e-05,0.0036880275262519717,3.9304796466827394,0.009241313884500415,0.008958668075501918,5.741955062866211,1493.7913572760008,10.570232385253906,-0.00020706986784934997,0.0032387646380066873,3.667810330352783,0.00913773056358099,0.008553275771737099,5.628360883636475
138,11.148010146594967,0.0011913784050174784,0.0036858329141309567,4.031215387660908,0.009248457000004642,0.008987562787252934,5.842739124872076,1503.3366827119899,10.575886625976562,0.0015343328359350562,0.003225634220391512,3.663119338531494,0.009423810297846794,0.008565839812457562,5.638704391174317
139,10.834520462036133,7.609585800673812e-05,0.0037437989390455184,3.817837564468384,0.009366596673266031,0.008952572211623192,5.742630590438843,1512.8406186079956,10.558538811950683,3.042754977941513e-05,0.003230785334855318,3.6674148919677734,0.008930500886142254,0.008571748187541962,5.6170784954833985
140,11.020398496734126,-0.0001588430154823635,0.0036795188034011396,3.958222831004401,0.008594031677640971,0.00899274035488379,5.788140396297574,1522.356148574996,10.569519586791992,-0.0011786406310461462,0.003239539514929056,3.6713443827819825,0.007730157466232777,0.008569744257926941,5.624157882995606
141,11.114564025878906,0.0016546940514817834,0.0036268338337540626,4.026475154876709,0.009791898485738785,0.008982746332883835,5.8140705280303955,1531.8774274000025,10.580551433410644,0.0011007050600647925,0.003245541605204344,3.6746882571411135,0.009203140470385552,0.008585856582522393,5.631840067749024
142,10.832269340515136,9.786003804765642e-05,0.003777613959275186,3.8150913095474244,0.009137539345305413,0.008955022357404231,5.743167108535767,1541.334104100999,10.56141100250244,0.00014107113305479287,0.0032287199055403473,3.6568566621398926,0.008170885186493396,0.00855516435444355,5.630544691925049
143,11.103988250440562,-2.0611536594530046e-06,0.0036748271052321306,4.039097096737461,0.008987076730469563,0.008932178885498307,5.790889660027791,1550.778904906998,10.579390161132812,-0.0004516916023939848,0.0032377271665632724,3.6732018588256836,0.008224481399059295,0.008558606328815221,5.63219098739624
144,11.01606591796875,0.0010538862707326188,0.0036685361191630362,3.9172451429367063,0.009632575378287584,0.008989976543933154,5.824829538345337,1560.2490217849845,10.583361967773438,-2.1381988283246757e-05,0.0032519410517811774,3.675790763168335,0.009113265737295151,0.008567041296958924,5.633585359802246
145,10.924894145965576,0.0007010716788936407,0.003795108868740499,3.9007170534133913,0.009380925425793975,0.008974360072985292,5.750214254379272,1569.8184637250088,10.566126440734863,0.0006799266597256065,0.0032449555014073847,3.664915216293335,0.008451884249150754,0.00857001069933176,5.627253935699463
146,11.09144018018152,3.798490189145916e-05,0.003695694126969175,4.008312862380225,0.00920634805147393,0.008954272347938113,5.809178336800079,1579.361870466004,10.594546463623047,0.0002528068497031927,0.0032459631364047527,3.6795166310882568,0.008948445581197739,0.008558584713637829,5.6410887550354
147,10.963865703582764,0.0011457266444922425,0.003654426632914692,3.8898679809570313,0.009914244149345905,0.008967349806800485,5.800055059432983,1588.7855302779935,10.601548094482421,0.0008740301554277539,0.0032504799810051917,3.6840244257354735,0.010555074566602707,0.008567949444651604,5.64358261932373
148,10.917108783721924,0.000124435133067891,0.0037335879048332574,3.8991622838974,0.008745834649773314,0.00900626384280622,5.744012075424195,1598.3639524169848,10.574225151977538,-1.1950251832604408e-06,0.0032478063383698462,3.671603954620361,0.008844754286706448,0.008595562624931335,5.628692487182617
149,11.106683323130394,0.00047885099645505336,0.0037057791769809292,4.039140709619048,0.009218457455134006,0.008913062841484217,5.793618714343348,1607.771564827999,10.557600364379883,0.0004273891655355692,0.003240280918776989,3.663328290786743,0.008948433184623718,0.008564922999739646,5.620352963562012
150,10.95970775604248,0.0007696136787999421,0.0036877741306088866,3.880243706703186,0.009833056643372402,0.008971214843913913,5.805543949127197,1617.2527393630007,10.57459963256836,0.0002492358351871371,0.0032468818213045596,3.664677354888916,0.009664083832502364,0.008563700224757194,5.636009812622071
151,10.89213349533081,0.0009424773318460211,0.0036738634509965776,3.894491014480591,0.00948756662500091,0.009006476162001491,5.723727964401245,1626.805584407004,10.563036770935058,0.0013212313321605326,0.003233909107297659,3.662626116104126,0.010282038666307926,0.008597994644343854,5.6265001461791995
152,11.154239981860599,-0.00036964249638865977,0.003711145065056827,4.060496072523857,0.008387025256805241,0.0089117807739452,5.819840203763281,1636.2178599739855,10.571072713928222,-0.00017786926256492733,0.003241572135388851,3.6677468091583254,0.008242670999467372,0.008555280129313468,5.629426860961914
153,10.939011497497559,0.0008177345383446663,0.0036845649643801152,3.8571316118240357,0.009819546171464025,0.008935728704556823,5.807979787826538,1645.7564363749989,10.585201576843263,-0.000174428385309875,0.0032644612842053175,3.672285810852051,0.009149130488038063,0.008553329582810403,5.639017560729981
154,10.937279720306396,0.0011118650602875276,0.0036364752585068346,3.9286429357528685,0.009800199312623591,0.008974592570215463,5.734742622375489,1655.1908735790057,10.570704830322265,0.0009781386799737812,0.003232832302004099,3.6727447470092773,0.0105470746332407,0.00857893371015787,5.624069536743164
155,11.12365691494819,-0.00029610133861548716,0.0037290523169055943,4.037712626521623,0.008609286189093615,0.00894706026353993,5.812065572963601,1664.6009768290096,10.566401876831055,-2.928487346507609e-05,0.0032285064285993577,3.663777477645874,0.009317573060393334,0.008579576164186,5.628749159851075
156,10.9382424659729,0.0009134733616374433,0.003719670817255974,3.879439558982849,0.009558699841145426,0.008946973327547313,5.784930479049683,1674.1503072319902,10.56885143157959,-1.0196242183446885e-05,0.0032416989850997924,3.669212757110596,0.009124981935024262,0.00854698703199625,5.625767560272217
157,10.930561954498291,0.0002526178191183135,0.003645013171248138,3.9239354095458983,0.009414748900802806,0.008971953323110939,5.732754804611206,1683.7327749280084,10.575720750732422,-0.0006435288569657132,0.0032550012523680926,3.6685255854797365,0.009345436860918998,0.008589961747527122,5.633326549072265
158,11.152339730409594,0.0006855457760041576,0.003695640744861746,4.020884961839999,0.00907075679010917,0.008959994481566692,5.857589241454971,1693.2531556400063,10.579481648864746,0.0007767181789502502,0.0032310382030904293,3.6734601979064943,0.0096866977083683,0.008560183031857014,5.632157666625977
159,10.897348190307618,0.0009208325543440878,0.00370751298032701,3.874160557746887,0.009479969097534194,0.008948720859363674,5.749325263977051,1702.683359010989,10.560401497497558,0.0008178591651841999,0.0032277374961972236,3.6645634268951417,0.009394009018540383,0.008573793658316136,5.621979007873535
160,10.961420230865478,-0.0002042796422028914,0.0036795677901245655,3.936154819488525,0.009126294534886255,0.008983182527124881,5.751408994674683,1712.1904380900087,10.554385769042968,-0.0007285610061883926,0.003251906314492226,3.6649148212432863,0.008913852833509445,0.00858096284121275,5.615616750335693
161,11.135084584256788,0.0013012490468718855,0.0036869243115376237,4.017844679176897,0.009323636473832084,0.008946096922319803,5.843388450199364,1721.8582018399902,10.58472397216797,0.001324179162234068,0.003228175742179155,3.6754847869873046,0.00919382501244545,0.008561825262606144,5.635388763275147
162,10.849787368774415,0.00021329847432207316,0.0037552068661898374,3.8297890739440916,0.009517832726240159,0.008941216628998518,5.74614769744873,1731.3244616189913,10.567374690246583,0.0002900988758355379,0.003247125273793936,3.6642103988647463,0.009382496369183063,0.008578873487710952,5.629312963409424
163,10.997548529537442,-0.0002631760136217804,0.0036667083788583096,3.9528464927889067,0.008562295196550399,0.008987890228589108,5.770851100216765,1740.8129740580043,10.575985737304688,-0.0012735051930136978,0.0032533703538775442,3.673061765899658,0.007890850788354874,0.008575061353147029,5.629075707092285
164,11.131107887268067,0.0016275717195821926,0.0036422427808865906,4.028191672325134,0.009716006702976301,0.008965815836563706,5.829069700241089,1750.3293713009916,10.611369726257324,0.0011198681489750742,0.0032298308484256266,3.682172764816284,0.009058943113386632,0.008579476502537728,5.655349423370361
165,10.831916996002198,0.00013485699309967458,0.003751942246686667,3.817749090194702,0.009186001194640993,0.008968875015154481,5.740322679519653,1759.9054886180093,10.572964339294433,0.00023101357519626618,0.003248264712244272,3.6682944013977052,0.008365535346865655,0.008569876955449581,5.630824270935059
166,11.081184072642147,-0.00012829527537531896,0.003684667631353842,4.023028759898077,0.008920274206948797,0.00894298306587185,5.784313527907326,1769.3661020559957,10.569974206237793,-0.0008745183916366659,0.0032427304185926914,3.6704537857055666,0.00800623250246048,0.008571596816778182,5.625679500427246
167,11.018402702331542,0.0011921835048124194,0.003641823253594339,3.9292073535919187,0.00967555942304898,0.008978194566443562,5.815354825973511,1778.8748250500066,10.56941712738037,7.167330863885581e-05,0.0032457030235230923,3.670372696609497,0.009101294468045234,0.008562471464276314,5.625205381774903
168,10.914221984863282,0.0006291455190512352,0.0037817299333401024,3.8936339750289917,0.009394085054285824,0.008966875195503234,5.746749090194702,1788.4478605100012,10.5652216217041,0.0006766378170251846,0.00323841340392828,3.6702621254730223,0.008658649203181266,0.008582133703231812,5.621120446014404
169,11.10143808851474,0.00014988967099253663,0.003688997903524139,4.015561866530371,0.009129608268382652,0.008963784881628242,5.812038044571682,1797.9195289060008,10.578864584960938,0.0003823252882808447,0.003230573865920305,3.673113561401367,0.008746662936508656,0.008555517326593398,5.631912974700928
170,10.962647033691406,0.0009499052634928376,0.003651230633724481,3.8944030952453614,0.009908286903053521,0.008937659522518515,5.794406476974487,1807.5243796799914,10.588121748352052,0.00048074904911220073,0.0032532321015000345,3.6728559243774415,0.010310565786361693,0.008571445115804672,5.641428702697754
171,10.91938731765747,4.607850176398642e-05,0.003728832668159157,3.905231400489807,0.008748101191595197,0.00899401019513607,5.740320861816406,1817.0408163539832,10.577297484436036,-0.0004178959132730961,0.003239599633067846,3.673756141357422,0.008749982598125934,0.008562060776352883,5.629706123046875
172,11.12591264654448,0.000609167352806694,0.003690254060033722,4.040859697296846,0.009240463506011204,0.008923179958370627,5.811218830479384,1826.4188505699858,10.57038054473877,0.0005092089965194464,0.0032266421750187873,3.6641907048034668,0.009125050981640816,0.008545322796404362,5.63235649307251
173,10.951196075439453,0.0006176560323219746,0.003683770128991455,3.875421237945557,0.009582073562778532,0.008956965189427138,5.801941923141479,1835.9181537060067,10.576885711669922,-9.430466652382165e-05,0.0032557747423648834,3.666648454055786,0.009480559019446373,0.008561483925580978,5.63640482498169
174,10.91565425491333,0.0008913185126148165,0.003690469304099679,3.89189963722229,0.009443548403447494,0.008981502801179885,5.749922786712647,1845.421066971001,10.572365354003907,0.0009712083309143781,0.0032528790417313577,3.6626721138000486,0.00990791977763176,0.008595178639888764,5.63586181427002
175,11.15691746419852,-0.0001361166696887199,0.003717389528628552,4.066270809768629,0.008656574522231182,0.008919894635009227,5.816815137780058,1854.8686199009826,10.570286208801269,0.00012197494857013225,0.003233054830431938,3.668484074707031,0.008513438095450401,0.008560928509831428,5.627970713806152
176,10.94503688430786,0.000849410527269356,0.003698500770609826,3.8629543895721437,0.009775327845825814,0.008931520828977227,5.808251173019409,1864.4089587559865,10.590067438049317,4.129881218075752e-05,0.0032641447445750237,3.6827280115509033,0.00929314386188984,0.008516955659985542,5.633508027648926
177,10.940215454101562,0.0010006798977265135,0.003650749934837222,3.933682848930359,0.009736831167945638,0.008977522410452366,5.732702066421509,1873.8812061900098,10.576086133422852,0.001096298026293516,0.003239111375808716,3.6756087418365477,0.010647503102421761,0.0085789483243227,5.626646944885254
178,11.114823881556374,-0.00042629423938265397,0.003764956232129502,4.020639172713941,0.008445175689308153,0.008953670055755753,5.82035424339275,1883.3630046639882,10.56879095550537,-0.00021097123209387064,0.003234814839363098,3.674749740371704,0.008948515238761902,0.008572237543463706,5.620210758972168
179,10.93541802597046,0.0010624891911866143,0.0036885265703313053,3.8794415340423583,0.00973146751150489,0.008934529853984713,5.782146034240722,1892.9078903530026,10.553711924438476,0.00016640279661864042,0.003227072795033455,3.6635053591156006,0.00935072382748127,0.008552763714492321,5.61637609085083
180,10.930895301818847,0.00028921352338511495,0.003655583926010877,3.9211799793243407,0.009546878773253411,0.008970972537994384,5.735884878158569,1902.4876812380098,10.566488036499024,-0.00039867514312267303,0.003237375323846936,3.6642747969055174,0.009808276523053647,0.008594473183751106,5.628382807922363
181,11.123680043846397,0.0003447264110217169,0.003725907512177842,4.017945147614473,0.0087672703675813,0.00895505055385019,5.831904406878851,1911.9840806599823,10.586446979064942,0.0004120675113797188,0.003246861848682165,3.679634023513794,0.009325562934279441,0.008560985955893993,5.6329825581359865
182,10.911466045379639,0.0010166451728437097,0.0037016510902903974,3.8737121086120605,0.009650622218148783,0.008944220436736941,5.763923589706421,1921.4687927659834,10.565658009338378,0.0006149311336874962,0.0032435977475345134,3.6688020640563965,0.00948128214120865,0.008561597965061665,5.623026147918702
183,10.971822216033935,-4.840547742787749e-05,0.003657826519571245,3.9364187335968017,0.009162562464829535,0.00898642760887742,5.761573141098022,1930.978611909988,10.552287394104004,-0.0007080287176277489,0.003245685287415981,3.6601352061462404,0.009087085019350051,0.008569232885241508,5.618322424621582
184,11.101380342158755,0.0011954094139463392,0.0036790171223221157,3.991500015828661,0.009300551078420299,0.008944583217778409,5.8360506580230025,1940.5866082719876,10.578768981018067,0.0011368345950171352,0.003213598559051752,3.6769359928894043,0.00919707031905651,0.00856578776896,5.628003195648193
185,10.883771488189698,0.00019420280866324903,0.0037509603695943953,3.851156439781189,0.009402189408661797,0.00895702457241714,5.7587854766845705,1950.170572960982,10.556609047546386,7.092564586549997e-05,0.003242903856188059,3.661160193939209,0.009261646959781647,0.008583267034888268,5.62161936416626
186,10.992124482670036,-6.846243179987192e-05,0.0036723205106257055,3.9406103559545986,0.008632217782449086,0.009014226259629467,5.777685508103327,1959.733003278001,10.575971681518554,-0.0010782188803050666,0.0032335632821917535,3.674422035598755,0.008013203538358212,0.0085736663043499,5.62772108291626
187,11.124294822692871,0.0015461904233088717,0.0036476819030940534,4.023186318397522,0.009662953436840326,0.00895185698568821,5.827279972076416,1969.221535871009,10.584607852478028,0.0010258834202215076,0.003237723455131054,3.668350658721924,0.008947929518222809,0.008578326078951358,5.642428669433594
188,10.850759254455566,8.411071146838368e-06,0.00373933213762939,3.828707036972046,0.009095082547515631,0.008971522368490695,5.748223693847656,1978.8006416260032,10.552483863830567,-0.00017858072296716274,0.0032204573014378546,3.6620613730621336,0.008038410839736462,0.008567002709805965,5.616593912658692
189,11.086540504201832,0.00015532322124865657,0.003681930393386542,4.0295546750774225,0.009067929206042206,0.00895516701121158,5.783158244094904,1988.2445150580024,10.563332889404297,-0.0005070728833181784,0.003228413967192173,3.673374981842041,0.0080760253149271,0.008551077576279641,5.6161303388977055
190,11.019937839508056,0.0010802690288983286,0.0036540164011530578,3.921163998603821,0.00964737433870323,0.008984183123335243,5.824946306228638,1997.8020346699923,10.5756758303833,0.00018367633432149886,0.003241908573806286,3.673223441772461,0.009128489710390568,0.008548858544528484,5.628624811401367
191,10.892233108520507,0.0005296125937020406,0.003763730415608734,3.8861679220199585,0.00945051961299032,0.008951985141262412,5.732237619400024,2007.393182181986,10.572066936950684,0.0006468322513997555,0.003225374482795596,3.6671938970947267,0.008911449666917324,0.008577224061191081,5.631045461425781
192,11.096640984134847,0.00023988746449039506,0.0036939269138231276,4.018790662174051,0.009041244300433253,0.008937726553321994,5.804022696224563,2016.8987502309901,10.585840243835449,0.0005286178831756115,0.0032340073794871567,3.6795309150695803,0.008719868840277195,0.008551804401576518,5.632481782073975
193,10.971656875610352,0.0009033929275465198,0.0036711137117818,3.8944846992492677,0.009866230817511678,0.008961231587454677,5.803344610214233,2026.375802472001,10.585595863342284,0.0005734989497065544,0.0032270487543940543,3.6740634574890136,0.010314947517514229,0.008541028414368629,5.63770484451294
194,10.89529008102417,1.2538521201349795e-05,0.003730560155119747,3.8884111757278443,0.008839483678573743,0.00896290292032063,5.733051403045654,2035.8786700089986,10.559963758544923,-0.0004698534886538982,0.003247946294248104,3.6645991046142576,0.008876885690093041,0.008569140168726444,5.621537078704834
195,11.103070053670741,0.0004911115923698124,0.0037119538216545964,4.031194384209232,0.009107821920982645,0.008931940689149686,5.79804862724252,2045.4881187879946,10.558862835388183,0.00010437432449311018,0.0032528200247883797,3.66696698928833,0.008802517176270485,0.008538917217552662,5.618069225769043
196,10.96008000946045,0.000805853039957583,0.0036860818322747946,3.8807657146453858,0.009658619748894126,0.00897379507496953,5.805487686157226,2054.9554425439856,10.586414031982422,4.745393827557564e-05,0.0032399097104370595,3.677034119720459,0.00947058275014162,0.00855767817378044,5.635553284301758
197,10.905446258544922,0.0008233029295224697,0.00368815483385697,3.8893219261169434,0.009453445406630635,0.008994080370292068,5.742297607421875,2064.462416100985,10.564060277099609,0.0009122285974770784,0.0032295581352710725,3.6610342395019533,0.009801872851252556,0.008591143637001515,5.62919912109375
198,11.140940837134117,-1.2623453452496827e-05,0.0037173109196904984,4.055888170221939,0.008614086691406597,0.00891341121362423,5.811225982420498,2073.9946802470076,10.587335450439452,0.00024304712980985642,0.0032328076295554636,3.6777790475463865,0.008213003296852112,0.008583073582947255,5.6357297996521
199,10.94653503036499,0.0007344057635637,0.0036902169920504093,3.8654159021377565,0.009728330362122506,0.008948732556775212,5.807292531967163,2083.667029853008,10.585975396118164,1.784535612910986e-05,0.003256466367840767,3.6768037926483155,0.009062983672618865,0.008529459638297559,5.635345019836426
